{
    "lm_head": 1,
    "model.layers.31.self_attn.q_proj": 0.47607421875,
    "model.layers.31.self_attn.k_proj": 0.478271484375,
    "model.layers.31.self_attn.v_proj": 0.524169921875,
    "model.layers.31.self_attn.o_proj": 0.519287109375,
    "model.layers.31.mlp.gate_proj": 0.658935546875,
    "model.layers.31.mlp.up_proj": 0.661865234375,
    "model.layers.31.mlp.down_proj": 0.664306640625,
    "model.layers.30.self_attn.q_proj": 0.498046875,
    "model.layers.30.self_attn.k_proj": 0.5009765625,
    "model.layers.30.self_attn.v_proj": 0.531494140625,
    "model.layers.30.self_attn.o_proj": 0.530029296875,
    "model.layers.30.mlp.gate_proj": 0.662841796875,
    "model.layers.30.mlp.up_proj": 0.66650390625,
    "model.layers.30.mlp.down_proj": 0.669921875,
    "model.layers.29.self_attn.q_proj": 0.48095703125,
    "model.layers.29.self_attn.k_proj": 0.484375,
    "model.layers.29.self_attn.v_proj": 0.525390625,
    "model.layers.29.self_attn.o_proj": 0.52880859375,
    "model.layers.29.mlp.gate_proj": 0.6630859375,
    "model.layers.29.mlp.up_proj": 0.668212890625,
    "model.layers.29.mlp.down_proj": 0.668701171875,
    "model.layers.28.self_attn.q_proj": 0.493896484375,
    "model.layers.28.self_attn.k_proj": 0.498291015625,
    "model.layers.28.self_attn.v_proj": 0.529052734375,
    "model.layers.28.self_attn.o_proj": 0.52587890625,
    "model.layers.28.mlp.gate_proj": 0.662841796875,
    "model.layers.28.mlp.up_proj": 0.6689453125,
    "model.layers.28.mlp.down_proj": 0.666015625,
    "model.layers.27.self_attn.q_proj": 0.503662109375,
    "model.layers.27.self_attn.k_proj": 0.507080078125,
    "model.layers.27.self_attn.v_proj": 0.530517578125,
    "model.layers.27.self_attn.o_proj": 0.52978515625,
    "model.layers.27.mlp.gate_proj": 0.662109375,
    "model.layers.27.mlp.up_proj": 0.66845703125,
    "model.layers.27.mlp.down_proj": 0.662353515625,
    "model.layers.26.self_attn.q_proj": 0.477783203125,
    "model.layers.26.self_attn.k_proj": 0.481689453125,
    "model.layers.26.self_attn.v_proj": 0.5224609375,
    "model.layers.26.self_attn.o_proj": 0.528564453125,
    "model.layers.26.mlp.gate_proj": 0.66015625,
    "model.layers.26.mlp.up_proj": 0.6669921875,
    "model.layers.26.mlp.down_proj": 0.662353515625,
    "model.layers.25.self_attn.q_proj": 0.490234375,
    "model.layers.25.self_attn.k_proj": 0.49365234375,
    "model.layers.25.self_attn.v_proj": 0.52587890625,
    "model.layers.25.self_attn.o_proj": 0.528076171875,
    "model.layers.25.mlp.gate_proj": 0.65869140625,
    "model.layers.25.mlp.up_proj": 0.6650390625,
    "model.layers.25.mlp.down_proj": 0.662109375,
    "model.layers.24.self_attn.q_proj": 0.46875,
    "model.layers.24.self_attn.k_proj": 0.471435546875,
    "model.layers.24.self_attn.v_proj": 0.52197265625,
    "model.layers.24.self_attn.o_proj": 0.53466796875,
    "model.layers.24.mlp.gate_proj": 0.65673828125,
    "model.layers.24.mlp.up_proj": 0.663330078125,
    "model.layers.24.mlp.down_proj": 0.663818359375,
    "model.layers.23.self_attn.q_proj": 0.49267578125,
    "model.layers.23.self_attn.k_proj": 0.4931640625,
    "model.layers.23.self_attn.v_proj": 0.5244140625,
    "model.layers.23.self_attn.o_proj": 0.531982421875,
    "model.layers.23.mlp.gate_proj": 0.655517578125,
    "model.layers.23.mlp.up_proj": 0.662109375,
    "model.layers.23.mlp.down_proj": 0.665771484375,
    "model.layers.22.self_attn.q_proj": 0.478759765625,
    "model.layers.22.self_attn.k_proj": 0.48095703125,
    "model.layers.22.self_attn.v_proj": 0.5244140625,
    "model.layers.22.self_attn.o_proj": 0.534423828125,
    "model.layers.22.mlp.gate_proj": 0.653564453125,
    "model.layers.22.mlp.up_proj": 0.660400390625,
    "model.layers.22.mlp.down_proj": 0.66796875,
    "model.layers.21.self_attn.q_proj": 0.47509765625,
    "model.layers.21.self_attn.k_proj": 0.47607421875,
    "model.layers.21.self_attn.v_proj": 0.518310546875,
    "model.layers.21.self_attn.o_proj": 0.533935546875,
    "model.layers.21.mlp.gate_proj": 0.652587890625,
    "model.layers.21.mlp.up_proj": 0.66015625,
    "model.layers.21.mlp.down_proj": 0.669189453125,
    "model.layers.20.self_attn.q_proj": 0.47021484375,
    "model.layers.20.self_attn.k_proj": 0.471923828125,
    "model.layers.20.self_attn.v_proj": 0.52001953125,
    "model.layers.20.self_attn.o_proj": 0.530029296875,
    "model.layers.20.mlp.gate_proj": 0.652099609375,
    "model.layers.20.mlp.up_proj": 0.66015625,
    "model.layers.20.mlp.down_proj": 0.67041015625,
    "model.layers.19.self_attn.q_proj": 0.476318359375,
    "model.layers.19.self_attn.k_proj": 0.47607421875,
    "model.layers.19.self_attn.v_proj": 0.516845703125,
    "model.layers.19.self_attn.o_proj": 0.52392578125,
    "model.layers.19.mlp.gate_proj": 0.652587890625,
    "model.layers.19.mlp.up_proj": 0.66162109375,
    "model.layers.19.mlp.down_proj": 0.667724609375,
    "model.layers.18.self_attn.q_proj": 0.482421875,
    "model.layers.18.self_attn.k_proj": 0.485107421875,
    "model.layers.18.self_attn.v_proj": 0.5205078125,
    "model.layers.18.self_attn.o_proj": 0.5244140625,
    "model.layers.18.mlp.gate_proj": 0.650634765625,
    "model.layers.18.mlp.up_proj": 0.66064453125,
    "model.layers.18.mlp.down_proj": 0.66650390625,
    "model.layers.17.self_attn.q_proj": 0.472412109375,
    "model.layers.17.self_attn.k_proj": 0.473388671875,
    "model.layers.17.self_attn.v_proj": 0.519287109375,
    "model.layers.17.self_attn.o_proj": 0.516357421875,
    "model.layers.17.mlp.gate_proj": 0.64794921875,
    "model.layers.17.mlp.up_proj": 0.658935546875,
    "model.layers.17.mlp.down_proj": 0.6650390625,
    "model.layers.16.self_attn.q_proj": 0.45703125,
    "model.layers.16.self_attn.k_proj": 0.4599609375,
    "model.layers.16.self_attn.v_proj": 0.51318359375,
    "model.layers.16.self_attn.o_proj": 0.507080078125,
    "model.layers.16.mlp.gate_proj": 0.6474609375,
    "model.layers.16.mlp.up_proj": 0.65966796875,
    "model.layers.16.mlp.down_proj": 0.666259765625,
    "model.layers.15.self_attn.q_proj": 0.4580078125,
    "model.layers.15.self_attn.k_proj": 0.461669921875,
    "model.layers.15.self_attn.v_proj": 0.504150390625,
    "model.layers.15.self_attn.o_proj": 0.495849609375,
    "model.layers.15.mlp.gate_proj": 0.6494140625,
    "model.layers.15.mlp.up_proj": 0.6630859375,
    "model.layers.15.mlp.down_proj": 0.663330078125,
    "model.layers.14.self_attn.q_proj": 0.449951171875,
    "model.layers.14.self_attn.k_proj": 0.45458984375,
    "model.layers.14.self_attn.v_proj": 0.49853515625,
    "model.layers.14.self_attn.o_proj": 0.487548828125,
    "model.layers.14.mlp.gate_proj": 0.646484375,
    "model.layers.14.mlp.up_proj": 0.65966796875,
    "model.layers.14.mlp.down_proj": 0.657470703125,
    "model.layers.13.self_attn.q_proj": 0.45556640625,
    "model.layers.13.self_attn.k_proj": 0.463134765625,
    "model.layers.13.self_attn.v_proj": 0.501708984375,
    "model.layers.13.self_attn.o_proj": 0.487060546875,
    "model.layers.13.mlp.gate_proj": 0.647216796875,
    "model.layers.13.mlp.up_proj": 0.6611328125,
    "model.layers.13.mlp.down_proj": 0.656982421875,
    "model.layers.12.self_attn.q_proj": 0.4521484375,
    "model.layers.12.self_attn.k_proj": 0.45361328125,
    "model.layers.12.self_attn.v_proj": 0.490478515625,
    "model.layers.12.self_attn.o_proj": 0.49072265625,
    "model.layers.12.mlp.gate_proj": 0.646240234375,
    "model.layers.12.mlp.up_proj": 0.658935546875,
    "model.layers.12.mlp.down_proj": 0.65185546875,
    "model.layers.11.self_attn.q_proj": 0.43505859375,
    "model.layers.11.self_attn.k_proj": 0.442138671875,
    "model.layers.11.self_attn.v_proj": 0.48291015625,
    "model.layers.11.self_attn.o_proj": 0.475341796875,
    "model.layers.11.mlp.gate_proj": 0.645263671875,
    "model.layers.11.mlp.up_proj": 0.65966796875,
    "model.layers.11.mlp.down_proj": 0.652099609375,
    "model.layers.10.self_attn.q_proj": 0.4404296875,
    "model.layers.10.self_attn.k_proj": 0.445068359375,